Feature 0,Spike_p.V1176F
Feature 1,NSP16_p.P215L
Feature 2,N_p.Q9L,NSP12_p.L838I
Feature 3,ORF10-CHR_END_n.29870C>A
Feature 4,NS8_p.P38S,NSP3_p.T237A
Feature 5,NS3a_p.W131C
Feature 6,Spike_p.H69_V70del
Feature 7,NSP2_p.K81N
Feature 8,NS3a_p.P104dup
Feature 9,Spike_p.D1259H
Feature 10,NS7a_p.S37F
Feature 11,NSP2_p.P200L
Feature 12,NSP12_p.L829F
Feature 13,NSP3_p.P822L
Feature 14,Spike_p.S477N
Feature 15,Spike_p.P251L,NSP3_p.E906D
Feature 16,NS8_p.L84S
Feature 17,ORF8-N_n.28271delA
Feature 18,NSP4_p.L438P
Feature 19,Spike_p.T240I
Feature 20,NSP3_p.T749I
Feature 21,NSP13_p.H164Y
Feature 22,ORF10-CHR_END_n.29743C>T
Feature 23,NSP13_p.E341D
Feature 24,Spike_p.S98F
